Workbook
Name ApplicabilityChoices: Lists!$F$13:$F$52
Name Disciplines: Lists!$A$13:$A$52
Name DocumentIDs: DocumentRegister[Document / Record ID]
Name DocumentStatuses: Lists!$J$13:$J$52
Name FQDSections: D1_Package_Index!$A$13:$A$34
Name InclusionTypes: Lists!$E$13:$E$52
Name LifecycleStages: Lists!$C$13:$C$52
Name PackageIDs: PackageRegister[Package ID]
Name PackageStatuses: PackageStatusCodes[Project status]
Name RACICodes: Lists!$I$13:$I$52
Name ReadinessDecisions: Lists!$K$13:$K$52
Name ReadinessResponses: Lists!$H$13:$H$52
Name RecordStatuses: Lists!$B$13:$B$52
Name RequiredChoices: Lists!$G$13:$G$52
Name TraceabilityStatuses: Lists!$D$13:$D$52

Sheet 00_Project
A2: PQD-FH 01 | FQD editable templates
A3: Project setup and appendix navigation
A5: Project metadata | B5: Enter once | D5: Template control | E5: Reference
A6: Project / Facility | D6: Template revision | E6: 1.00
A7: Project ID / Contract No. | D7: Procedure revision | E7: 1.00
A8: Client / Owner | D8: Release date | E8: 2026-10-13T00:00:00.000Z
A9: Contractor | D9: Author | E9: Arkadiusz Wójcik
A10: Site / Location | D10: License | E10: CC BY-SA 4.0
A11: Project workbook document ID
A12: Project workbook revision | D12: How to use
A13: Project workbook status | B13: Draft | D13: 1. Complete the amber metadata fields. The appendix headers update automatically.
A14: Prepared by
A15: Reviewed by | D15: 2. Define project requirements in A and register package IDs in B before completing related records.
A16: Approved by
A17: Project issue date | D17: 3. Use dropdowns for controlled choices. Adapt project lists in Lists and project status names in H.
A18: Reporting / review date
A19: Required language(s) | B19: English | D19: 4. D1, F and G apply to the package selected in B10. Duplicate for another package or review. Archive an approved workbook version or fixed PDF; copied sheets retain live project metadata links.
A20: Document-control procedure
D21: 5. Enter data in the prepared table rows. Use Tab in the last table cell to extend the table; copy a blank template row to carry dropdowns and formulas.
A23: Worksheet | B23: Purpose | D23: 6. Amber cells are setup inputs. Blue text is editable content. Grey cells contain formulas. Red shading identifies entries to review.
A24: A_Requirements | B24: Editable register / reference table
A25: B_Packages | B25: Editable register / reference table | D25: 7. Set the reporting date to evaluate overdue actions. Readiness and acceptance decisions require the authorized reviewer.
A26: C_Deliverables | B26: Editable register / reference table
A27: D1_Package_Index | B27: Editable register / reference table | D27: 8. Preserve controlled records and project approvals. The public template contains no completed project records.
A28: D2_Documents | B28: Editable register / reference table
A29: D3_Metadata | B29: Editable register / reference table
A30: D4_Classification | B30: Editable register / reference table
A31: E_Traceability | B31: Editable register / reference table
A32: F_Completion | B32: Record counts, actions and completeness checks
A33: G_Readiness | B33: 22 criteria and recorded review decision
A34: H_Status_Codes | B34: Editable register / reference table
A35: I_Responsibilities | B35: Illustrative RACI with assignment checks
A36: Lists | B36: Project-adaptable choices
A39: Source: PQD-FH 01 Universal FQD Procedure, Rev. 1.00, Appendices A-I.
A40: Electronic implementation: combined fields are split for filtering; scope fields and local checks support use of the original tables.
A41: Before use, adapt and identify this workbook as a controlled project document. Project requirements, record approvals and retention arrangements follow the applicable project procedures.
A44: GitHub repository: arkadiuszwojcik-tech/PQD-FH
A45: License: CC BY-SA 4.0

Sheet A_Requirements
A2: Appendix A - Project-specific requirements
A3: PQD-FH 01 | Editable templates 1.00 | Procedure Rev. 1.00
A4: ="Project: "&IF('00_Project'!$B$6="","",'00_Project'!$B$6)&IF('00_Project'!$B$10="",""," / Site: "&'00_Project'!$B$10) -> Project: | B4: ="Project ID: "&IF('00_Project'!$B$7="","",'00_Project'!$B$7) -> Project ID:
A5: ="Client / Owner: "&IF('00_Project'!$B$8="","",'00_Project'!$B$8) -> Client / Owner: | B5: ="Contractor: "&IF('00_Project'!$B$9="","",'00_Project'!$B$9) -> Contractor:
A6: ="Project document ID: "&IF('00_Project'!$B$11="","",'00_Project'!$B$11) -> Project document ID: | B6: ="Project revision: "&IF('00_Project'!$B$12="","",'00_Project'!$B$12) -> Project revision:
A7: ="Document status: "&IF('00_Project'!$B$13="","",'00_Project'!$B$13) -> Document status: Draft | B7: ="Issue date: "&IF('00_Project'!$B$17="","",TEXT('00_Project'!$B$17,"dd-mmm-yyyy")) -> Issue date:
A8: Record the controlled project requirements and approval references. The universal procedure remains unchanged unless a formally controlled deviation is required.
A9: ="Prepared by: "&IF('00_Project'!$B$14="","",'00_Project'!$B$14) -> Prepared by: | B9: ="Reviewed by: "&IF('00_Project'!$B$15="","",'00_Project'!$B$15)&" / Approved by: "&IF('00_Project'!$B$16="","",'00_Project'!$B$16) -> Reviewed by: / Approved by:
A12: Project requirement | B12: Value / Reference | C12: Notes / Owner
A13: Project / Facility | B13: =IF('00_Project'!$B$6="","",'00_Project'!$B$6)
A14: Client / Owner | B14: =IF('00_Project'!$B$8="","",'00_Project'!$B$8)
A15: Contractor | B15: =IF('00_Project'!$B$9="","",'00_Project'!$B$9)
A16: Applicable document control procedure | B16: =IF('00_Project'!$B$20="","",'00_Project'!$B$20)
A17: FQD numbering convention
A18: FQD package breakdown rule
A19: Required languages | B19: =IF('00_Project'!$B$19="","",'00_Project'!$B$19) -> English
A20: CDE / EDMS
A21: Required electronic formats
A22: Hard-copy quantities
A23: Hard-copy presentation requirements
A24: Maximum volume / file size
A25: Submission milestones and deadlines
A26: Review / approval route
A27: Required retention period
A28: Red-Line / As-Built dossier rule
A29: System Completion / Commissioning dossier interface
A30: Project-specific RFI meaning / code
A31: Project-specific WAP rule
... A43: Software and configuration handover scope

Sheet B_Packages
A2: Appendix B - FQD package register
A3: PQD-FH 01 | Editable templates 1.00 | Procedure Rev. 1.00
A4: ="Project: "&IF('00_Project'!$B$6="","",'00_Project'!$B$6)&IF('00_Project'!$B$10="",""," / Site: "&'00_Project'!$B$10) -> Project: | E4: ="Project ID: "&IF('00_Project'!$B$7="","",'00_Project'!$B$7) -> Project ID:
A5: ="Client / Owner: "&IF('00_Project'!$B$8="","",'00_Project'!$B$8) -> Client / Owner: | E5: ="Contractor: "&IF('00_Project'!$B$9="","",'00_Project'!$B$9) -> Contractor:
A6: ="Project document ID: "&IF('00_Project'!$B$11="","",'00_Project'!$B$11) -> Project document ID: | E6: ="Project revision: "&IF('00_Project'!$B$12="","",'00_Project'!$B$12) -> Project revision:
A7: ="Document status: "&IF('00_Project'!$B$13="","",'00_Project'!$B$13) -> Document status: Draft | E7: ="Issue date: "&IF('00_Project'!$B$17="","",TEXT('00_Project'!$B$17,"dd-mmm-yyyy")) -> Issue date:
A8: Use unique package IDs. Record exclusions, shared records, boundary-document revisions and execution milestones or controlled schedule references in Interfaces / Notes.
A9: ="Prepared by: "&IF('00_Project'!$B$14="","",'00_Project'!$B$14) -> Prepared by: | E9: ="Reviewed by: "&IF('00_Project'!$B$15="","",'00_Project'!$B$15)&" / Approved by: "&IF('00_Project'!$B$16="","",'00_Project'!$B$16) -> Reviewed by: / Approved by:
A12: Package ID | B12: Parent / System | C12: Package title / Scope | D12: Discipline / Area | E12: Package owner | F12: Planned completion | G12: Planned submission | H12: Status | I12: Interfaces / Notes

Sheet C_Deliverables
A2: Appendix C - FQD deliverables matrix
A3: PQD-FH 01 | Editable templates 1.00 | Procedure Rev. 1.00
A4: ="Project: "&IF('00_Project'!$B$6="","",'00_Project'!$B$6)&IF('00_Project'!$B$10="",""," / Site: "&'00_Project'!$B$10) -> Project: | F4: ="Project ID: "&IF('00_Project'!$B$7="","",'00_Project'!$B$7) -> Project ID:
A5: ="Client / Owner: "&IF('00_Project'!$B$8="","",'00_Project'!$B$8) -> Client / Owner: | F5: ="Contractor: "&IF('00_Project'!$B$9="","",'00_Project'!$B$9) -> Contractor:
A6: ="Project document ID: "&IF('00_Project'!$B$11="","",'00_Project'!$B$11) -> Project document ID: | F6: ="Project revision: "&IF('00_Project'!$B$12="","",'00_Project'!$B$12) -> Project revision:
A7: ="Document status: "&IF('00_Project'!$B$13="","",'00_Project'!$B$13) -> Document status: Draft | F7: ="Issue date: "&IF('00_Project'!$B$17="","",TEXT('00_Project'!$B$17,"dd-mmm-yyyy")) -> Issue date:
A8: One row per deliverable. Record its unique controlled reference and linked record IDs / revisions in Comment / N/A approval or a linked register (Section 7.2). Identify requirement revision and clause/activity. Record approved N/A dispositions.
A9: ="Prepared by: "&IF('00_Project'!$B$14="","",'00_Project'!$B$14) -> Prepared by: | F9: ="Reviewed by: "&IF('00_Project'!$B$15="","",'00_Project'!$B$15)&" / Approved by: "&IF('00_Project'!$B$16="","",'00_Project'!$B$16) -> Reviewed by: / Approved by:
A12: Package ID | B12: Activity / Item | C12: Requirement source | D12: Acceptance criterion | E12: Required record | F12: ITP / ITPL / WAP ref. | G12: Responsible party | H12: Planned date | I12: FQD section | J12: Status | K12: Comment / N/A approval

Sheet D1_Package_Index
A2: Appendix D.1 - Universal FQD package index
A3: PQD-FH 01 | Editable templates 1.00 | Procedure Rev. 1.00
A4: ="Project: "&IF('00_Project'!$B$6="","",'00_Project'!$B$6)&IF('00_Project'!$B$10="",""," / Site: "&'00_Project'!$B$10) -> Project: | C4: ="Project ID: "&IF('00_Project'!$B$7="","",'00_Project'!$B$7) -> Project ID:
A5: ="Client / Owner: "&IF('00_Project'!$B$8="","",'00_Project'!$B$8) -> Client / Owner: | C5: ="Contractor: "&IF('00_Project'!$B$9="","",'00_Project'!$B$9) -> Contractor:
A6: ="Project document ID: "&IF('00_Project'!$B$11="","",'00_Project'!$B$11) -> Project document ID: | C6: ="Project revision: "&IF('00_Project'!$B$12="","",'00_Project'!$B$12) -> Project revision:
A7: ="Document status: "&IF('00_Project'!$B$13="","",'00_Project'!$B$13) -> Document status: Draft | C7: ="Issue date: "&IF('00_Project'!$B$17="","",TEXT('00_Project'!$B$17,"dd-mmm-yyyy")) -> Issue date:
A8: Select the package and milestone. Preserve generic applicability; record the project decision and any approved N/A justification in Project notes. Duplicate this sheet for each package.
A9: ="Prepared by: "&IF('00_Project'!$B$14="","",'00_Project'!$B$14) -> Prepared by: | C9: ="Reviewed by: "&IF('00_Project'!$B$15="","",'00_Project'!$B$15)&" / Approved by: "&IF('00_Project'!$B$16="","",'00_Project'!$B$16) -> Reviewed by: / Approved by:
A10: Package ID | D10: Milestone / review ref.
A12: No. | B12: Section | C12: Generic applicability | D12: Project applicability | E12: Project notes
A13: 00 | B13: Cover and Identification | C13: Required
A14: 01 | B14: Document Control | C14: Required
A15: 02 | B15: FQD Index | C15: Required
A16: 03 | B16: Scope and Boundaries | C16: Required
A17: 04 | B17: Applicable Requirements | C17: Required
A18: 05 | B18: Quality Plan / ITP / ITPL / WAP | C18: As applicable
A19: 06 | B19: Approved Design Documents | C19: As applicable
A20: 07 | B20: Material / Equipment Register | C20: As applicable
A21: 08 | B21: Material / Product Compliance Records | C21: As applicable
A22: 09 | B22: Material / Equipment Traceability | C22: As applicable
A23: 10 | B23: Vendor Documentation | C23: As applicable
A24: 11 | B24: Personnel Qualifications | C24: As applicable
... A34: 21 | B34: Controlled Electronic FQD Package | C34: Required

Sheet D2_Documents
A2: Appendix D.2 - Document register
A3: PQD-FH 01 | Editable templates 1.00 | Procedure Rev. 1.00
A4: ="Project: "&IF('00_Project'!$B$6="","",'00_Project'!$B$6)&IF('00_Project'!$B$10="",""," / Site: "&'00_Project'!$B$10) -> Project: | E4: ="Project ID: "&IF('00_Project'!$B$7="","",'00_Project'!$B$7) -> Project ID:
A5: ="Client / Owner: "&IF('00_Project'!$B$8="","",'00_Project'!$B$8) -> Client / Owner: | E5: ="Contractor: "&IF('00_Project'!$B$9="","",'00_Project'!$B$9) -> Contractor:
A6: ="Project document ID: "&IF('00_Project'!$B$11="","",'00_Project'!$B$11) -> Project document ID: | E6: ="Project revision: "&IF('00_Project'!$B$12="","",'00_Project'!$B$12) -> Project revision:
A7: ="Document status: "&IF('00_Project'!$B$13="","",'00_Project'!$B$13) -> Document status: Draft | E7: ="Issue date: "&IF('00_Project'!$B$17="","",TEXT('00_Project'!$B$17,"dd-mmm-yyyy")) -> Issue date:
A8: List included and referenced controlled records at the required revision and status. Link D.3 using Document / Record ID plus revision. Preserve acceptance evidence in the controlled workflow.
A9: ="Prepared by: "&IF('00_Project'!$B$14="","",'00_Project'!$B$14) -> Prepared by: | E9: ="Reviewed by: "&IF('00_Project'!$B$15="","",'00_Project'!$B$15)&" / Approved by: "&IF('00_Project'!$B$16="","",'00_Project'!$B$16) -> Reviewed by: / Approved by:
A12: Package ID | B12: FQD section | C12: Document / Record ID | D12: Title / Scope | E12: Revision | F12: Status | G12: File / controlled location | H12: Included / Referenced

Sheet D3_Metadata
A2: Appendix D.3 - Linked classification and scope metadata
A3: PQD-FH 01 | Editable templates 1.00 | Procedure Rev. 1.00
A4: ="Project: "&IF('00_Project'!$B$6="","",'00_Project'!$B$6)&IF('00_Project'!$B$10="",""," / Site: "&'00_Project'!$B$10) -> Project: | D4: ="Project ID: "&IF('00_Project'!$B$7="","",'00_Project'!$B$7) -> Project ID:
A5: ="Client / Owner: "&IF('00_Project'!$B$8="","",'00_Project'!$B$8) -> Client / Owner: | D5: ="Contractor: "&IF('00_Project'!$B$9="","",'00_Project'!$B$9) -> Contractor:
A6: ="Project document ID: "&IF('00_Project'!$B$11="","",'00_Project'!$B$11) -> Project document ID: | D6: ="Project revision: "&IF('00_Project'!$B$12="","",'00_Project'!$B$12) -> Project revision:
A7: ="Document status: "&IF('00_Project'!$B$13="","",'00_Project'!$B$13) -> Document status: Draft | D7: ="Issue date: "&IF('00_Project'!$B$17="","",TEXT('00_Project'!$B$17,"dd-mmm-yyyy")) -> Issue date:
A8: Use the same document ID and revision as D.2. Keep multi-asset, multi-change and multi-package relationships controlled. Enter N/A when no change reference applies.
A9: ="Prepared by: "&IF('00_Project'!$B$14="","",'00_Project'!$B$14) -> Prepared by: | D9: ="Reviewed by: "&IF('00_Project'!$B$15="","",'00_Project'!$B$15)&" / Approved by: "&IF('00_Project'!$B$16="","",'00_Project'!$B$16) -> Reviewed by: / Approved by:
A12: Document / Record ID | B12: Revision | C12: Document type / Project code | D12: Lifecycle stage | E12: System / Asset / Scope | F12: Change / RLM reference | G12: Related package IDs

Sheet D4_Classification
A2: Appendix D.4 - Document classification and project mapping
A3: PQD-FH 01 | Editable templates 1.00 | Procedure Rev. 1.00
A4: ="Project: "&IF('00_Project'!$B$6="","",'00_Project'!$B$6)&IF('00_Project'!$B$10="",""," / Site: "&'00_Project'!$B$10) -> Project: | C4: ="Project ID: "&IF('00_Project'!$B$7="","",'00_Project'!$B$7) -> Project ID:
A5: ="Client / Owner: "&IF('00_Project'!$B$8="","",'00_Project'!$B$8) -> Client / Owner: | C5: ="Contractor: "&IF('00_Project'!$B$9="","",'00_Project'!$B$9) -> Contractor:
A6: ="Project document ID: "&IF('00_Project'!$B$11="","",'00_Project'!$B$11) -> Project document ID: | C6: ="Project revision: "&IF('00_Project'!$B$12="","",'00_Project'!$B$12) -> Project revision:
A7: ="Document status: "&IF('00_Project'!$B$13="","",'00_Project'!$B$13) -> Document status: Draft | C7: ="Issue date: "&IF('00_Project'!$B$17="","",TEXT('00_Project'!$B$17,"dd-mmm-yyyy")) -> Issue date:
A8: Map the generic groups to approved project document types or codes. Typical sections are guidance; required records and acceptance criteria remain project-specific.
A9: ="Prepared by: "&IF('00_Project'!$B$14="","",'00_Project'!$B$14) -> Prepared by: | C9: ="Reviewed by: "&IF('00_Project'!$B$15="","",'00_Project'!$B$15)&" / Approved by: "&IF('00_Project'!$B$16="","",'00_Project'!$B$16) -> Reviewed by: / Approved by:
A12: Generic document group | B12: Typical content | C12: Typical FQD section | D12: Project type / Code
A13: Requirements and identification | B13: Specifications; technical and identification standards; approved project requirements. | C13: 04
A14: Quality and execution planning | B14: Quality plans; ITP/ITPL; work activity plans; method statements and inspection or test procedures. | C14: 05
A15: Design and engineering information | B15: P&IDs; single-line, wiring and termination diagrams; layouts; equipment, cable, instrument and I/O lists; datasheets. | C15: 06; 19 for final as-built references
A16: Product conformity and traceability | B16: Material compliance records; certificates; declarations; item, serial, batch or lot relationships. | C16: 07–09
A17: Manufacturing and factory evidence | B17: Manufacturing dossier and index; factory inspection and test records; supplier conformity evidence. | C17: 10; 08, 12 or 13 by record purpose
A18: Installation evidence | B18: Installation conformity dossier; field inspection records; installation checks and measurements. | C18: 12–13; 17 for completion
A19: Commissioning evidence | B19: Pre-commissioning and functional test records; system verification and commissioning completion evidence. | C19: 18; 17 for completion
A20: Competence and measurement assurance | B20: Personnel qualifications and authorizations; calibration or verification records. | C20: 11; 14
A21: Nonconformity and change control | B21: NCR and concession records; punch closure; change approvals; RLM and as-built incorporation references. | C21: 15–16; 19
A22: Operation and maintenance information | B22: Required supplier manuals, operating or maintenance instructions, spare-parts information and training records. | C22: 10 or controlled handover reference
A23: Software and configuration | B23: Required native controller projects, source files, parameter sets and configuration manifests; readable programming documentation. | C23: 21; linked design and test references
A24: Package control and acceptance | B24: Package and document indexes; boundary definitions; transmittals; review, completion and acceptance records. | C24: 00–03; 17; 20–21

Sheet E_Traceability
A2: Appendix E - Material / equipment traceability
A3: PQD-FH 01 | Editable templates 1.00 | Procedure Rev. 1.00
A4: ="Project: "&IF('00_Project'!$B$6="","",'00_Project'!$B$6)&IF('00_Project'!$B$10="",""," / Site: "&'00_Project'!$B$10) -> Project: | E4: ="Project ID: "&IF('00_Project'!$B$7="","",'00_Project'!$B$7) -> Project ID:
A5: ="Client / Owner: "&IF('00_Project'!$B$8="","",'00_Project'!$B$8) -> Client / Owner: | E5: ="Contractor: "&IF('00_Project'!$B$9="","",'00_Project'!$B$9) -> Contractor:
A6: ="Project document ID: "&IF('00_Project'!$B$11="","",'00_Project'!$B$11) -> Project document ID: | E6: ="Project revision: "&IF('00_Project'!$B$12="","",'00_Project'!$B$12) -> Project revision:
A7: ="Document status: "&IF('00_Project'!$B$13="","",'00_Project'!$B$13) -> Document status: Draft | E7: ="Issue date: "&IF('00_Project'!$B$17="","",TEXT('00_Project'!$B$17,"dd-mmm-yyyy")) -> Issue date:
A8: Use the required level of traceability. Include installed location where no unique tag exists. Keep additional certificate, revision and inspection references in linked controlled registers.
A9: ="Prepared by: "&IF('00_Project'!$B$14="","",'00_Project'!$B$14) -> Prepared by: | E9: ="Reviewed by: "&IF('00_Project'!$B$15="","",'00_Project'!$B$15)&" / Approved by: "&IF('00_Project'!$B$16="","",'00_Project'!$B$16) -> Reviewed by: / Approved by:
A12: No. | B12: Installed ID / Tag | C12: Description | D12: Manufacturer | E12: Type / Model | F12: Batch / Lot / Heat / Drum / Serial | G12: Certificate / MCR / Doc ID + Rev. | H12: Inspection / Test ref. | I12: Status
A13: =IF(B13="","",ROW()-12)
A14: =IF(B14="","",ROW()-12)
A15: =IF(B15="","",ROW()-12)
A16: =IF(B16="","",ROW()-12)
A17: =IF(B17="","",ROW()-12)
A18: =IF(B18="","",ROW()-12)
A19: =IF(B19="","",ROW()-12)
A20: =IF(B20="","",ROW()-12)
A21: =IF(B21="","",ROW()-12)
A22: =IF(B22="","",ROW()-12)
A23: =IF(B23="","",ROW()-12)
A24: =IF(B24="","",ROW()-12)
... A312: =IF(B312="","",ROW()-12)

Sheet F_Completion
A2: Appendix F - FQD completion status register
A3: PQD-FH 01 | Editable templates 1.00 | Procedure Rev. 1.00
A4: ="Project: "&IF('00_Project'!$B$6="","",'00_Project'!$B$6)&IF('00_Project'!$B$10="",""," / Site: "&'00_Project'!$B$10) -> Project: | G4: ="Project ID: "&IF('00_Project'!$B$7="","",'00_Project'!$B$7) -> Project ID:
A5: ="Client / Owner: "&IF('00_Project'!$B$8="","",'00_Project'!$B$8) -> Client / Owner: | G5: ="Contractor: "&IF('00_Project'!$B$9="","",'00_Project'!$B$9) -> Contractor:
A6: ="Project document ID: "&IF('00_Project'!$B$11="","",'00_Project'!$B$11) -> Project document ID: | G6: ="Project revision: "&IF('00_Project'!$B$12="","",'00_Project'!$B$12) -> Project revision:
A7: ="Document status: "&IF('00_Project'!$B$13="","",'00_Project'!$B$13) -> Document status: Draft | G7: ="Issue date: "&IF('00_Project'!$B$17="","",TEXT('00_Project'!$B$17,"dd-mmm-yyyy")) -> Issue date:
A8: Received, Reviewed and Accepted are cumulative counts of distinct records. Exclude superseded duplicates and conditional acceptance. Percentages require four valid whole-number counts and Expected > 0. Explain zero expected scope in H or use N with an approved N/A reference. Duplicate per package.
A9: ="Prepared by: "&IF('00_Project'!$B$14="","",'00_Project'!$B$14) -> Prepared by: | G9: ="Reviewed by: "&IF('00_Project'!$B$15="","",'00_Project'!$B$15)&" / Approved by: "&IF('00_Project'!$B$16="","",'00_Project'!$B$16) -> Reviewed by: / Approved by:
A10: Package ID | D10: Milestone / review ref.
A12: No. | B12: FQD section / Deliverable | C12: Required Y / N | D12: Expected records | E12: Received | F12: Reviewed | G12: Accepted | H12: Open comments / Action / N/A approval | I12: Owner | J12: Due date | K12: Accepted / Expected | L12: Count check
A13: =IF(B13="","",ROW()-12) | K13: =IF(B13="","",IF(C13="N","N/A",IF(OR(C13<>"Y",COUNT(D13:G13)<4),"",IF(OR(D13<=0,E13<0,F13<0,G13<0,E13>D13,F13>E13,G13>F13,D13<>INT(D13),E13<>INT(E13),F13<>INT(F13),G13<>INT(G13)),"",G13/D13)))) | L13: =IF(B13="","",IF(C13="N",IF(H13="","Add approved N/A reference","N/A documented"),IF(C13<>"Y","Select Y / N",IF(COUNT(D13:G13)<4,"Enter all four counts",IF(OR(D13<0,E13<0,F13<0,G13<0,E13>D13,F13>E13,G13>F13,D13<>INT(D13),E13<>INT(E13),F13<>INT(F13),G13<>INT(G13)),"Review record counts",IF(D13=0,"Set expected count or justify zero scope","Counts consistent"))))))
A14: =IF(B14="","",ROW()-12) | K14: =IF(B14="","",IF(C14="N","N/A",IF(OR(C14<>"Y",COUNT(D14:G14)<4),"",IF(OR(D14<=0,E14<0,F14<0,G14<0,E14>D14,F14>E14,G14>F14,D14<>INT(D14),E14<>INT(E14),F14<>INT(F14),G14<>INT(G14)),"",G14/D14)))) | L14: =IF(B14="","",IF(C14="N",IF(H14="","Add approved N/A reference","N/A documented"),IF(C14<>"Y","Select Y / N",IF(COUNT(D14:G14)<4,"Enter all four counts",IF(OR(D14<0,E14<0,F14<0,G14<0,E14>D14,F14>E14,G14>F14,D14<>INT(D14),E14<>INT(E14),F14<>INT(F14),G14<>INT(G14)),"Review record counts",IF(D14=0,"Set expected count or justify zero scope","Counts consistent"))))))
A15: =IF(B15="","",ROW()-12) | K15: =IF(B15="","",IF(C15="N","N/A",IF(OR(C15<>"Y",COUNT(D15:G15)<4),"",IF(OR(D15<=0,E15<0,F15<0,G15<0,E15>D15,F15>E15,G15>F15,D15<>INT(D15),E15<>INT(E15),F15<>INT(F15),G15<>INT(G15)),"",G15/D15)))) | L15: =IF(B15="","",IF(C15="N",IF(H15="","Add approved N/A reference","N/A documented"),IF(C15<>"Y","Select Y / N",IF(COUNT(D15:G15)<4,"Enter all four counts",IF(OR(D15<0,E15<0,F15<0,G15<0,E15>D15,F15>E15,G15>F15,D15<>INT(D15),E15<>INT(E15),F15<>INT(F15),G15<>INT(G15)),"Review record counts",IF(D15=0,"Set expected count or justify zero scope","Counts consistent"))))))
A16: =IF(B16="","",ROW()-12) | K16: =IF(B16="","",IF(C16="N","N/A",IF(OR(C16<>"Y",COUNT(D16:G16)<4),"",IF(OR(D16<=0,E16<0,F16<0,G16<0,E16>D16,F16>E16,G16>F16,D16<>INT(D16),E16<>INT(E16),F16<>INT(F16),G16<>INT(G16)),"",G16/D16)))) | L16: =IF(B16="","",IF(C16="N",IF(H16="","Add approved N/A reference","N/A documented"),IF(C16<>"Y","Select Y / N",IF(COUNT(D16:G16)<4,"Enter all four counts",IF(OR(D16<0,E16<0,F16<0,G16<0,E16>D16,F16>E16,G16>F16,D16<>INT(D16),E16<>INT(E16),F16<>INT(F16),G16<>INT(G16)),"Review record counts",IF(D16=0,"Set expected count or justify zero scope","Counts consistent"))))))
A17: =IF(B17="","",ROW()-12) | K17: =IF(B17="","",IF(C17="N","N/A",IF(OR(C17<>"Y",COUNT(D17:G17)<4),"",IF(OR(D17<=0,E17<0,F17<0,G17<0,E17>D17,F17>E17,G17>F17,D17<>INT(D17),E17<>INT(E17),F17<>INT(F17),G17<>INT(G17)),"",G17/D17)))) | L17: =IF(B17="","",IF(C17="N",IF(H17="","Add approved N/A reference","N/A documented"),IF(C17<>"Y","Select Y / N",IF(COUNT(D17:G17)<4,"Enter all four counts",IF(OR(D17<0,E17<0,F17<0,G17<0,E17>D17,F17>E17,G17>F17,D17<>INT(D17),E17<>INT(E17),F17<>INT(F17),G17<>INT(G17)),"Review record counts",IF(D17=0,"Set expected count or justify zero scope","Counts consistent"))))))
A18: =IF(B18="","",ROW()-12) | K18: =IF(B18="","",IF(C18="N","N/A",IF(OR(C18<>"Y",COUNT(D18:G18)<4),"",IF(OR(D18<=0,E18<0,F18<0,G18<0,E18>D18,F18>E18,G18>F18,D18<>INT(D18),E18<>INT(E18),F18<>INT(F18),G18<>INT(G18)),"",G18/D18)))) | L18: =IF(B18="","",IF(C18="N",IF(H18="","Add approved N/A reference","N/A documented"),IF(C18<>"Y","Select Y / N",IF(COUNT(D18:G18)<4,"Enter all four counts",IF(OR(D18<0,E18<0,F18<0,G18<0,E18>D18,F18>E18,G18>F18,D18<>INT(D18),E18<>INT(E18),F18<>INT(F18),G18<>INT(G18)),"Review record counts",IF(D18=0,"Set expected count or justify zero scope","Counts consistent"))))))
A19: =IF(B19="","",ROW()-12) | K19: =IF(B19="","",IF(C19="N","N/A",IF(OR(C19<>"Y",COUNT(D19:G19)<4),"",IF(OR(D19<=0,E19<0,F19<0,G19<0,E19>D19,F19>E19,G19>F19,D19<>INT(D19),E19<>INT(E19),F19<>INT(F19),G19<>INT(G19)),"",G19/D19)))) | L19: =IF(B19="","",IF(C19="N",IF(H19="","Add approved N/A reference","N/A documented"),IF(C19<>"Y","Select Y / N",IF(COUNT(D19:G19)<4,"Enter all four counts",IF(OR(D19<0,E19<0,F19<0,G19<0,E19>D19,F19>E19,G19>F19,D19<>INT(D19),E19<>INT(E19),F19<>INT(F19),G19<>INT(G19)),"Review record counts",IF(D19=0,"Set expected count or justify zero scope","Counts consistent"))))))
A20: =IF(B20="","",ROW()-12) | K20: =IF(B20="","",IF(C20="N","N/A",IF(OR(C20<>"Y",COUNT(D20:G20)<4),"",IF(OR(D20<=0,E20<0,F20<0,G20<0,E20>D20,F20>E20,G20>F20,D20<>INT(D20),E20<>INT(E20),F20<>INT(F20),G20<>INT(G20)),"",G20/D20)))) | L20: =IF(B20="","",IF(C20="N",IF(H20="","Add approved N/A reference","N/A documented"),IF(C20<>"Y","Select Y / N",IF(COUNT(D20:G20)<4,"Enter all four counts",IF(OR(D20<0,E20<0,F20<0,G20<0,E20>D20,F20>E20,G20>F20,D20<>INT(D20),E20<>INT(E20),F20<>INT(F20),G20<>INT(G20)),"Review record counts",IF(D20=0,"Set expected count or justify zero scope","Counts consistent"))))))
A21: =IF(B21="","",ROW()-12) | K21: =IF(B21="","",IF(C21="N","N/A",IF(OR(C21<>"Y",COUNT(D21:G21)<4),"",IF(OR(D21<=0,E21<0,F21<0,G21<0,E21>D21,F21>E21,G21>F21,D21<>INT(D21),E21<>INT(E21),F21<>INT(F21),G21<>INT(G21)),"",G21/D21)))) | L21: =IF(B21="","",IF(C21="N",IF(H21="","Add approved N/A reference","N/A documented"),IF(C21<>"Y","Select Y / N",IF(COUNT(D21:G21)<4,"Enter all four counts",IF(OR(D21<0,E21<0,F21<0,G21<0,E21>D21,F21>E21,G21>F21,D21<>INT(D21),E21<>INT(E21),F21<>INT(F21),G21<>INT(G21)),"Review record counts",IF(D21=0,"Set expected count or justify zero scope","Counts consistent"))))))
A22: =IF(B22="","",ROW()-12) | K22: =IF(B22="","",IF(C22="N","N/A",IF(OR(C22<>"Y",COUNT(D22:G22)<4),"",IF(OR(D22<=0,E22<0,F22<0,G22<0,E22>D22,F22>E22,G22>F22,D22<>INT(D22),E22<>INT(E22),F22<>INT(F22),G22<>INT(G22)),"",G22/D22)))) | L22: =IF(B22="","",IF(C22="N",IF(H22="","Add approved N/A reference","N/A documented"),IF(C22<>"Y","Select Y / N",IF(COUNT(D22:G22)<4,"Enter all four counts",IF(OR(D22<0,E22<0,F22<0,G22<0,E22>D22,F22>E22,G22>F22,D22<>INT(D22),E22<>INT(E22),F22<>INT(F22),G22<>INT(G22)),"Review record counts",IF(D22=0,"Set expected count or justify zero scope","Counts consistent"))))))
A23: =IF(B23="","",ROW()-12) | K23: =IF(B23="","",IF(C23="N","N/A",IF(OR(C23<>"Y",COUNT(D23:G23)<4),"",IF(OR(D23<=0,E23<0,F23<0,G23<0,E23>D23,F23>E23,G23>F23,D23<>INT(D23),E23<>INT(E23),F23<>INT(F23),G23<>INT(G23)),"",G23/D23)))) | L23: =IF(B23="","",IF(C23="N",IF(H23="","Add approved N/A reference","N/A documented"),IF(C23<>"Y","Select Y / N",IF(COUNT(D23:G23)<4,"Enter all four counts",IF(OR(D23<0,E23<0,F23<0,G23<0,E23>D23,F23>E23,G23>F23,D23<>INT(D23),E23<>INT(E23),F23<>INT(F23),G23<>INT(G23)),"Review record counts",IF(D23=0,"Set expected count or justify zero scope","Counts consistent"))))))
A24: =IF(B24="","",ROW()-12) | K24: =IF(B24="","",IF(C24="N","N/A",IF(OR(C24<>"Y",COUNT(D24:G24)<4),"",IF(OR(D24<=0,E24<0,F24<0,G24<0,E24>D24,F24>E24,G24>F24,D24<>INT(D24),E24<>INT(E24),F24<>INT(F24),G24<>INT(G24)),"",G24/D24)))) | L24: =IF(B24="","",IF(C24="N",IF(H24="","Add approved N/A reference","N/A documented"),IF(C24<>"Y","Select Y / N",IF(COUNT(D24:G24)<4,"Enter all four counts",IF(OR(D24<0,E24<0,F24<0,G24<0,E24>D24,F24>E24,G24>F24,D24<>INT(D24),E24<>INT(E24),F24<>INT(F24),G24<>INT(G24)),"Review record counts",IF(D24=0,"Set expected count or justify zero scope","Counts consistent"))))))
... A212: =IF(B212="","",ROW()-12) | K212: =IF(B212="","",IF(C212="N","N/A",IF(OR(C212<>"Y",COUNT(D212:G212)<4),"",IF(OR(D212<=0,E212<0,F212<0,G212<0,E212>D212,F212>E212,G212>F212,D212<>INT(D212),E212<>INT(E212),F212<>INT(F212),G212<>INT(G212)),"",G212/D212)))) | L212: =IF(B212="","",IF(C212="N",IF(H212="","Add approved N/A reference","N/A documented"),IF(C212<>"Y","Select Y / N",IF(COUNT(D212:G212)<4,"Enter all four counts",IF(OR(D212<0,E212<0,F212<0,G212<0,E212>D212,F212>E212,G212>F212,D212<>INT(D212),E212<>INT(E212),F212<>INT(F212),G212<>INT(G212)),"Review record counts",IF(D212=0,"Set expected count or justify zero scope","Counts consistent"))))))

Sheet G_Readiness
A2: Appendix G - FQD package readiness checklist
A3: PQD-FH 01 | Editable templates 1.00 | Procedure Rev. 1.00
A4: ="Project: "&IF('00_Project'!$B$6="","",'00_Project'!$B$6)&IF('00_Project'!$B$10="",""," / Site: "&'00_Project'!$B$10) -> Project: | D4: ="Project ID: "&IF('00_Project'!$B$7="","",'00_Project'!$B$7) -> Project ID:
A5: ="Client / Owner: "&IF('00_Project'!$B$8="","",'00_Project'!$B$8) -> Client / Owner: | D5: ="Contractor: "&IF('00_Project'!$B$9="","",'00_Project'!$B$9) -> Contractor:
A6: ="Project document ID: "&IF('00_Project'!$B$11="","",'00_Project'!$B$11) -> Project document ID: | D6: ="Project revision: "&IF('00_Project'!$B$12="","",'00_Project'!$B$12) -> Project revision:
A7: ="Document status: "&IF('00_Project'!$B$13="","",'00_Project'!$B$13) -> Document status: Draft | D7: ="Issue date: "&IF('00_Project'!$B$17="","",TEXT('00_Project'!$B$17,"dd-mmm-yyyy")) -> Issue date:
A8: Assess the applicable milestone. Record evidence, actions, owners and dates. Justify N/A and reference approval where required. Record the authorized readiness decision and conditions below and in the controlled package register.
A9: ="Prepared by: "&IF('00_Project'!$B$14="","",'00_Project'!$B$14) -> Prepared by: | D9: ="Reviewed by: "&IF('00_Project'!$B$15="","",'00_Project'!$B$15)&" / Approved by: "&IF('00_Project'!$B$16="","",'00_Project'!$B$16) -> Reviewed by: / Approved by:
A10: Package ID | D10: Milestone / review ref.
A12: No. | B12: Readiness criterion | C12: Yes / No / N/A | D12: Evidence / Reference | E12: Outstanding action / Conditions | F12: Responsible party | G12: Due date / Milestone
A13: 1 | B13: Package scope and boundaries confirmed
A14: 2 | B14: Package owner identified
A15: 3 | B15: Deliverables matrix current
A16: 4 | B16: Required ITP / ITPL / WAP records present
A17: 5 | B17: Material / product compliance evidence complete
A18: 6 | B18: Required traceability complete
A19: 7 | B19: Inspection records completed, authenticated and at required status; inspection outcomes, actual inspected scope and links to subsequent inspections verified where applicable
A20: 8 | B20: Test records completed, authenticated and at required status; results and referenced reports or attachments verified against the applicable acceptance criteria
A21: 9 | B21: Calibration / verification valid at the test date; any known subsequent equipment deficiencies assessed for impact on the results, with required actions completed or formally dispositioned against the applicable milestone criteria (Section 11.3)
A22: 10 | B22: Hold / witness point dispositions recorded
A23: 11 | B23: NCR / deviation status acceptable
A24: 12 | B24: Punch / open-point status acceptable for the milestone; required closure evidence verified; permitted residual items have assigned owners and agreed closure requirements and dates or milestones
... A34: 22 | B34: Required software / configuration files match the accepted baseline
B37: Answered criteria | C37: No responses | D37: Readiness decision | E37: Reviewed by | F37: Review date | G37: Decision / approval ref.
B38: =COUNTIFS(C13:C34,"Yes")+COUNTIFS(C13:C34,"No")+COUNTIFS(C13:C34,"N/A") -> 0 | C38: =COUNTIFS(C13:C34,"No") -> 0 | D38: Not reviewed
B40: Authorized conditions / decision record
B43: A count of Yes responses does not authorize submission or acceptance. Record permitted residual items, approval references and closure requirements. Preserve each completed package review as a controlled record.

Sheet H_Status_Codes
A2: Appendix H - Recommended FQD package status codes
A3: PQD-FH 01 | Editable templates 1.00 | Procedure Rev. 1.00
A4: ="Project: "&IF('00_Project'!$B$6="","",'00_Project'!$B$6)&IF('00_Project'!$B$10="",""," / Site: "&'00_Project'!$B$10) -> Project: | C4: ="Project ID: "&IF('00_Project'!$B$7="","",'00_Project'!$B$7) -> Project ID:
A5: ="Client / Owner: "&IF('00_Project'!$B$8="","",'00_Project'!$B$8) -> Client / Owner: | C5: ="Contractor: "&IF('00_Project'!$B$9="","",'00_Project'!$B$9) -> Contractor:
A6: ="Project document ID: "&IF('00_Project'!$B$11="","",'00_Project'!$B$11) -> Project document ID: | C6: ="Project revision: "&IF('00_Project'!$B$12="","",'00_Project'!$B$12) -> Project revision:
A7: ="Document status: "&IF('00_Project'!$B$13="","",'00_Project'!$B$13) -> Document status: Draft | C7: ="Issue date: "&IF('00_Project'!$B$17="","",TEXT('00_Project'!$B$17,"dd-mmm-yyyy")) -> Issue date:
A8: Generic codes and meanings are retained in A-C. Adapt the project code and status in D-E to approved project rules; these status names feed the package dropdown in B.
A9: ="Prepared by: "&IF('00_Project'!$B$14="","",'00_Project'!$B$14) -> Prepared by: | C9: ="Reviewed by: "&IF('00_Project'!$B$15="","",'00_Project'!$B$15)&" / Approved by: "&IF('00_Project'!$B$16="","",'00_Project'!$B$16) -> Reviewed by: / Approved by:
A12: Generic code | B12: Generic status | C12: Generic meaning | D12: Project code | E12: Project status
A13: PLN | B13: Planned | C13: Package defined but compilation not started. | D13: PLN | E13: Planned
A14: IP | B14: In Progress | C14: Records are being generated and compiled. | D14: IP | E14: In Progress
A15: IR | B15: Internal Review | C15: Package is undergoing internal completeness / conformity review. | D15: IR | E15: Internal Review
A16: RFS | B16: Ready for Submission | C16: Internal readiness criteria satisfied. | D16: RFS | E16: Ready for Submission
A17: SUB | B17: Submitted | C17: Formally transmitted for review / acceptance. | D17: SUB | E17: Submitted
A18: UR | B18: Under Review | C18: Package is undergoing formal review by the designated reviewing authority. | D18: UR | E18: Under Review
A19: CMT | B19: Comment Resolution | C19: Returned with review comments requiring action. | D19: CMT | E19: Comment Resolution
A20: RSUB | B20: Resubmitted | C20: Reissued after comment resolution. | D20: RSUB | E20: Resubmitted
A21: ACC | B21: Accepted | C21: Accepted by the designated reviewing authority to the required status. | D21: ACC | E21: Accepted
A22: CLO | B22: Closed | C22: Package accepted and all required close-out actions completed. | D22: CLO | E22: Closed
A23: HOLD | B23: On Hold | C23: Progress paused pending defined prerequisite, decision or corrective action. | D23: HOLD | E23: On Hold
... A26: REJ | B26: Rejected / Revision Required | C26: Optional. Acceptance criteria not met; corrective action and resubmission required. | D26: REJ | E26: Rejected / Revision Required

Sheet I_Responsibilities
A2: Appendix I - Example responsibility matrix
A3: PQD-FH 01 | Editable templates 1.00 | Procedure Rev. 1.00
A4: ="Project: "&IF('00_Project'!$B$6="","",'00_Project'!$B$6)&IF('00_Project'!$B$10="",""," / Site: "&'00_Project'!$B$10) -> Project: | G4: ="Project ID: "&IF('00_Project'!$B$7="","",'00_Project'!$B$7) -> Project ID:
A5: ="Client / Owner: "&IF('00_Project'!$B$8="","",'00_Project'!$B$8) -> Client / Owner: | G5: ="Contractor: "&IF('00_Project'!$B$9="","",'00_Project'!$B$9) -> Contractor:
A6: ="Project document ID: "&IF('00_Project'!$B$11="","",'00_Project'!$B$11) -> Project document ID: | G6: ="Project revision: "&IF('00_Project'!$B$12="","",'00_Project'!$B$12) -> Project revision:
A7: ="Document status: "&IF('00_Project'!$B$13="","",'00_Project'!$B$13) -> Document status: Draft | G7: ="Issue date: "&IF('00_Project'!$B$17="","",TEXT('00_Project'!$B$17,"dd-mmm-yyyy")) -> Issue date:
A8: Illustrative assignments: adapt to the contract and approved project procedures. Assign one accountable role per activity and allocate work where several roles are responsible. R = responsible; A = accountable; C = consulted; I = informed.
A9: ="Prepared by: "&IF('00_Project'!$B$14="","",'00_Project'!$B$14) -> Prepared by: | G9: ="Reviewed by: "&IF('00_Project'!$B$15="","",'00_Project'!$B$15)&" / Approved by: "&IF('00_Project'!$B$16="","",'00_Project'!$B$16) -> Reviewed by: / Approved by:
A12: Activity | B12: Package owner | C12: FQD coordinator | D12: QA/QC | E12: Construction | F12: Commissioning | G12: Document control | H12: Contractor PM | I12: Client / Owner | J12: A count | K12: R count | L12: Assignment check
A13: Define package scope | B13: A | C13: C | D13: C | E13: R | F13: C | G13: I | H13: C | I13: I | J13: =COUNTIFS(B13:I13,"A")+COUNTIFS(B13:I13,"A/R") -> 1 | K13: =COUNTIFS(B13:I13,"R")+COUNTIFS(B13:I13,"A/R") -> 1 | L13: =IF(J13<>1,"Assign exactly one A",IF(K13<1,"Assign at least one R","Assignments consistent")) -> Assignments consistent
A14: Define required records | B14: A | C14: R | D14: R | E14: C | F14: C | G14: I | H14: C | I14: I | J14: =COUNTIFS(B14:I14,"A")+COUNTIFS(B14:I14,"A/R") -> 1 | K14: =COUNTIFS(B14:I14,"R")+COUNTIFS(B14:I14,"A/R") -> 2 | L14: =IF(J14<>1,"Assign exactly one A",IF(K14<1,"Assign at least one R","Assignments consistent")) -> Assignments consistent
A15: Generate construction records | B15: A | C15: I | D15: C | E15: R | F15: I | G15: I | H15: I | I15: I | J15: =COUNTIFS(B15:I15,"A")+COUNTIFS(B15:I15,"A/R") -> 1 | K15: =COUNTIFS(B15:I15,"R")+COUNTIFS(B15:I15,"A/R") -> 1 | L15: =IF(J15<>1,"Assign exactly one A",IF(K15<1,"Assign at least one R","Assignments consistent")) -> Assignments consistent
A16: Generate commissioning records | B16: A | C16: I | D16: C | E16: C | F16: R | G16: I | H16: I | I16: I | J16: =COUNTIFS(B16:I16,"A")+COUNTIFS(B16:I16,"A/R") -> 1 | K16: =COUNTIFS(B16:I16,"R")+COUNTIFS(B16:I16,"A/R") -> 1 | L16: =IF(J16<>1,"Assign exactly one A",IF(K16<1,"Assign at least one R","Assignments consistent")) -> Assignments consistent
A17: Verify quality records | B17: C | C17: C | D17: A/R | E17: C | F17: C | G17: I | H17: I | I17: I | J17: =COUNTIFS(B17:I17,"A")+COUNTIFS(B17:I17,"A/R") -> 1 | K17: =COUNTIFS(B17:I17,"R")+COUNTIFS(B17:I17,"A/R") -> 1 | L17: =IF(J17<>1,"Assign exactly one A",IF(K17<1,"Assign at least one R","Assignments consistent")) -> Assignments consistent
A18: Maintain package register | B18: A | C18: R | D18: C | E18: I | F18: I | G18: C | H18: I | I18: I | J18: =COUNTIFS(B18:I18,"A")+COUNTIFS(B18:I18,"A/R") -> 1 | K18: =COUNTIFS(B18:I18,"R")+COUNTIFS(B18:I18,"A/R") -> 1 | L18: =IF(J18<>1,"Assign exactly one A",IF(K18<1,"Assign at least one R","Assignments consistent")) -> Assignments consistent
A19: Package readiness review | B19: A | C19: R | D19: R | E19: C | F19: C | G19: C | H19: I | I19: I | J19: =COUNTIFS(B19:I19,"A")+COUNTIFS(B19:I19,"A/R") -> 1 | K19: =COUNTIFS(B19:I19,"R")+COUNTIFS(B19:I19,"A/R") -> 2 | L19: =IF(J19<>1,"Assign exactly one A",IF(K19<1,"Assign at least one R","Assignments consistent")) -> Assignments consistent
A20: Formal submission | B20: A | C20: R | D20: C | E20: I | F20: I | G20: R | H20: I | I20: I | J20: =COUNTIFS(B20:I20,"A")+COUNTIFS(B20:I20,"A/R") -> 1 | K20: =COUNTIFS(B20:I20,"R")+COUNTIFS(B20:I20,"A/R") -> 2 | L20: =IF(J20<>1,"Assign exactly one A",IF(K20<1,"Assign at least one R","Assignments consistent")) -> Assignments consistent
A21: Resolve review comments | B21: A | C21: R | D21: R | E21: R | F21: R | G21: C | H21: C | I21: C | J21: =COUNTIFS(B21:I21,"A")+COUNTIFS(B21:I21,"A/R") -> 1 | K21: =COUNTIFS(B21:I21,"R")+COUNTIFS(B21:I21,"A/R") -> 4 | L21: =IF(J21<>1,"Assign exactly one A",IF(K21<1,"Assign at least one R","Assignments consistent")) -> Assignments consistent
A22: Final acceptance | B22: I | C22: I | D22: C | E22: I | F22: I | G22: C | H22: C | I22: A/R | J22: =COUNTIFS(B22:I22,"A")+COUNTIFS(B22:I22,"A/R") -> 1 | K22: =COUNTIFS(B22:I22,"R")+COUNTIFS(B22:I22,"A/R") -> 1 | L22: =IF(J22<>1,"Assign exactly one A",IF(K22<1,"Assign at least one R","Assignments consistent")) -> Assignments consistent

Sheet Lists
A2: Project dropdown lists
A3: PQD-FH 01 | Editable templates 1.00 | Procedure Rev. 1.00
A4: ="Project: "&IF('00_Project'!$B$6="","",'00_Project'!$B$6)&IF('00_Project'!$B$10="",""," / Site: "&'00_Project'!$B$10) -> Project: | F4: ="Project ID: "&IF('00_Project'!$B$7="","",'00_Project'!$B$7) -> Project ID:
A5: ="Client / Owner: "&IF('00_Project'!$B$8="","",'00_Project'!$B$8) -> Client / Owner: | F5: ="Contractor: "&IF('00_Project'!$B$9="","",'00_Project'!$B$9) -> Contractor:
A6: ="Project document ID: "&IF('00_Project'!$B$11="","",'00_Project'!$B$11) -> Project document ID: | F6: ="Project revision: "&IF('00_Project'!$B$12="","",'00_Project'!$B$12) -> Project revision:
A7: ="Document status: "&IF('00_Project'!$B$13="","",'00_Project'!$B$13) -> Document status: Draft | F7: ="Issue date: "&IF('00_Project'!$B$17="","",TEXT('00_Project'!$B$17,"dd-mmm-yyyy")) -> Issue date:
A8: Adapt these options to approved project requirements. Keep entries contiguous within rows 13-52. Package statuses are maintained in H_Status_Codes.
A9: ="Prepared by: "&IF('00_Project'!$B$14="","",'00_Project'!$B$14) -> Prepared by: | F9: ="Reviewed by: "&IF('00_Project'!$B$15="","",'00_Project'!$B$15)&" / Approved by: "&IF('00_Project'!$B$16="","",'00_Project'!$B$16) -> Reviewed by: / Approved by:
A12: Disciplines | B12: Record Statuses | C12: Lifecycle Stages | D12: Traceability Statuses | E12: Inclusion Types | F12: Applicability Choices | G12: Required Choices | H12: Readiness Responses | I12: RACICodes | J12: Document Statuses | K12: Readiness Decisions
A13: Electrical | B13: Planned | C13: Design / Engineering | D13: Pending | E13: Included | F13: Required | G13: Y | H13: Yes | I13: R | J13: Draft | K13: Not reviewed
A14: Instrumentation & Control | B14: In Preparation | C14: Manufacturing / Factory | D14: Under Review | E14: Referenced | F14: As applicable | G14: N | H14: No | I14: A | J14: Internal Review | K14: Not ready
A15: Mechanical | B15: Internal Review | C15: Delivery / Receipt | D15: Verified | F15: N/A | H15: N/A | I15: C | J15: For Review | K15: Ready for Submission
A16: Civil / Structural | B16: Ready for Submission | C16: Installation / Construction | D16: Accepted | I16: I | J16: For Approval | K16: Conditionally Ready
A17: Process | B17: Submitted | C17: Pre-commissioning | D17: Conditionally Accepted | I17: A/R | J17: Approved
A18: Piping | B18: Under Review | C18: Commissioning | D18: Rejected | J18: Issued
A19: HVAC | B19: Comment Resolution | C19: Acceptance / Handover | D19: On Hold | J19: Superseded
A20: Multidiscipline | B20: Resubmitted | C20: Operation / Maintenance | D20: N/A
A21: Other | B21: Accepted
B22: Closed
B23: Conditionally Accepted
B24: On Hold
B25: Rejected / Revision Required
B26: Superseded
B27: N/A
